Car,Flag Time,Last Pit
77,2100.0,7.870600000000001
30,5460.0,41.53515
85,7260.0,2.93753333333334
